"stylist","luxurious","onthego","Region"
190.67,193.42,201.69,"East"
185.43,190.61,196.42,"East"
192.53,192.75,198.84,"East"
189.25,205.17,198.81,"East"
190.71,197.74,199.1,"East"
188.21,199.73,199.07,"East"
188.21,198.55,192.36,"East"
193.28,199.12,197.52,"East"
189.01,190.59,199.14,"East"
188.2,190.49,192.15,"East"
185.4,195.88,201.68,"East"
178.45,198.18,201.04,"East"
196.71,194.27,192.95,"East"
191.28,195.16,203.26,"East"
184.83,193.68,201.65,"East"
190.36,201.97,195.84,"East"
186.65,194.63,196.21,"East"
195.89,193.2,200.08,"East"
190.47,193.93,203.95,"East"
183.13,187.29,199.59,"East"
189.96,197.31,196.43,"East"
187.41,195.83,198.64,"East"
195.82,194.79,199.86,"East"
190.38,191.17,192.5,"East"
191.66,182.04,190.9,"East"
190.7,202.4,201.25,"East"
185.52,198.53,203.83,"East"
185.76,194.52,199.94,"East"
201.37,195.99,204.32,"East"
180.87,197.27,202.59,"East"
180.56,189.55,196.13,"East"
190.77,192.36,197.53,"East"
185.73,200.56,195.14,"East"
189.95,200.02,198.78,"East"
186.53,199.4,202.21,"East"
186.75,193.83,198.68,"East"
194.01,196.27,200.04,"East"
190.74,199.54,196.26,"East"
195.76,189.6,195.02,"East"
178.26,192.23,194.25,"East"
186.56,196.26,204.32,"East"
191.07,193.36,190.66,"East"
192.31,198.11,198.16,"East"
187.93,193.7,199.27,"East"
188.49,193.52,208.96,"East"
186.85,186.33,203.43,"East"
187.97,200.72,195.71,"East"
186.69,197.54,198.7,"East"
196.3,200.7,197.14,"East"
184.13,195.31,196.99,"East"
194.63,198.22,197.25,"East"
189.7,195.84,197.51,"East"
196.15,192.61,199.15,"East"
190.81,195.74,199.09,"East"
182.75,191.71,199.53,"East"
192.76,187.14,193.21,"East"
190.01,199.21,192.37,"East"
187.03,194.46,202.02,"East"
187.17,191.94,196.67,"East"
188.95,193.93,209.98,"East"
190.14,191.14,192.02,"East"
193.03,198.71,203.03,"East"
184.68,205.44,196.22,"East"
198.32,195.67,196.4,"East"
190.96,197.74,200.21,"East"
195.53,191.01,197.49,"East"
191,191.02,198.27,"East"
188.84,192.99,193.25,"East"
190.72,197.37,201.34,"East"
194.43,196.78,197.86,"East"
190.15,198.94,197.1,"East"
191.53,197.64,199.44,"East"
191.67,201.52,197.41,"East"
185.54,188.86,197.1,"East"
192.78,195.54,200.66,"East"
194.05,187.9,195.77,"East"
190.64,188.57,199.24,"East"
192.75,193.02,199.69,"East"
180.66,200.77,198.49,"East"
187.59,190.37,206.45,"East"
193.87,202.58,198.24,"East"
189.24,197.26,198.05,"East"
196.61,186.88,196.5,"East"
196.41,195.79,201.77,"East"
189.8,196.78,195.95,"East"
194.44,195.03,192.67,"East"
190.55,194.95,194.29,"East"
183.31,191.9,199.04,"East"
187.83,197.37,198.18,"East"
190.1,203.39,190.17,"East"
190.52,195.77,203.23,"East"
191.38,193.83,197.96,"East"
187.04,190.76,194.87,"East"
188.53,198.16,196.66,"East"
183.44,195.3,191.99,"East"
183.36,200.84,195.86,"East"
189.94,195.15,192.39,"East"
188.41,205.3,198,"East"
191.76,194.17,194.63,"East"
189.03,190.46,205.04,"East"
192.14,194.41,201.22,"East"
188.92,194.86,194.01,"East"
189.25,199.97,203.37,"East"
190.48,198.92,191.88,"East"
187.73,195.64,193.24,"East"
184.79,198.65,200.16,"East"
188.94,194.24,197.82,"East"
191.33,198.95,200.31,"East"
190.66,195.7,194.56,"East"
189.09,192.3,194.11,"East"
185.91,189.55,201.32,"East"
191.73,192.73,197.27,"East"
192.55,195.39,197.52,"East"
189.1,200.47,196.61,"East"
188.05,195.9,188.45,"East"
189.15,202.22,194.95,"East"
194.52,203.17,199.43,"East"
184.88,191.97,196.98,"East"
187.51,194.73,195.31,"East"
189.81,191.99,198.97,"East"
180.92,200.51,197.81,"East"
194.62,196.6,197.63,"East"
190.25,189.05,197.55,"East"
189.8,195.13,193.4,"East"
185.93,199.34,196.89,"East"
194.91,191.66,197.16,"East"
198.7,189.89,194,"East"
189.28,200.38,203.32,"East"
191.17,193.79,202.43,"East"
196.84,194.11,196.02,"East"
181.63,198.83,200.38,"East"
191.46,193.78,194.87,"East"
190.89,199.86,197.52,"East"
186.55,201.29,198.02,"East"
189.57,193.22,198.24,"East"
190.89,196.46,196.07,"East"
188.69,190.8,195,"East"
185.69,193.73,194.46,"East"
193.41,194.29,189.89,"East"
193.1,192.08,205.43,"East"
187.93,195.31,202.41,"East"
192.36,195.5,197.49,"East"
188.07,197.75,196.76,"East"
188.36,190.03,199.5,"East"
186.35,193.38,194.78,"East"
194.34,193.99,204.16,"East"
197.93,191.22,197.82,"East"
189.54,186.34,201.89,"East"
189.24,197.5,199.92,"East"
188.01,195.7,200.32,"East"
188.39,192.45,193.87,"East"
189.21,198.2,195.54,"East"
193.04,188.59,193.34,"East"
196.62,197.81,205.92,"East"
193.76,201.14,196.65,"East"
196.7,197.85,202.82,"East"
189.79,195.88,199.15,"East"
192.09,188.28,192.8,"East"
193.41,196.74,195.49,"East"
187.6,195.14,203.04,"East"
189.11,189.7,195.45,"East"
188.76,188.8,194.87,"East"
189.24,193.26,195.77,"East"
189.99,199.99,191.52,"East"
194.98,191.71,196.3,"East"
188.45,200.81,201.73,"East"
187.05,191.01,198.8,"East"
189.8,186.88,199.98,"East"
190.98,198.74,195.12,"East"
194.1,192.14,201.6,"East"
190.92,197.2,200.04,"East"
187.41,192.7,195.23,"East"
193.52,195.77,195.71,"East"
188.81,195.38,197.3,"East"
182.66,194.81,195.6,"East"
193.09,195.56,204.18,"East"
188.24,195.14,190.19,"East"
190.43,201.33,192.21,"East"
195.24,197.19,196.77,"East"
186.54,189.46,198.08,"East"
189.5,194.22,201.4,"East"
189.27,192.94,188.09,"East"
184.44,187.79,197.86,"East"
192.66,191.6,202.15,"East"
187.93,198.47,200.4,"East"
190.14,199.76,196.3,"East"
187.73,194.67,194.85,"East"
193.61,196.78,204.51,"East"
190,197.61,196.38,"East"
184.15,186.73,201.43,"East"
193.87,195.55,197.78,"East"
193.65,193.92,196.27,"East"
201.27,199.05,196.12,"East"
196.43,199.17,194.76,"East"
187.45,190.85,193.78,"East"
193.63,200.56,197.33,"East"
194.86,193.86,197.53,"East"
194.25,194.14,191.64,"East"
187.22,194.08,194.82,"East"
184.67,201.32,195.72,"East"
191.57,196.07,193.42,"East"
193.79,198.56,201.47,"East"
185.9,187.78,194.8,"East"
194.19,196.22,200.61,"East"
189.27,193.86,198.06,"East"
194.79,190.96,200.87,"East"
189.42,192.19,199.27,"East"
190.61,190.25,205.21,"East"
193.96,193.36,198.95,"East"
184,199.32,194.04,"East"
190.19,191.56,196.35,"East"
192.89,206.99,203.11,"East"
190.86,192.88,199.1,"East"
202.52,195.19,191.98,"East"
184.28,196.97,190.89,"East"
192.06,202.87,186.46,"East"
191.46,197.42,192.75,"East"
189.38,204.2,203.49,"East"
187.29,202.33,193.57,"East"
183.01,193.68,200.19,"East"
194.4,189.22,198.74,"East"
188.4,195.35,202.37,"East"
189.87,192.93,197.3,"East"
195.14,192.58,198.5,"East"
189.59,203.61,200.23,"East"
186.99,191.46,189.23,"East"
192.22,191.26,195.32,"East"
188.62,199.94,192.56,"East"
184.93,192.47,193.35,"East"
188.23,195.06,192.46,"East"
184.53,193.35,199.18,"East"
191.35,192.2,191.6,"East"
186.59,197.92,193.78,"East"
190.49,202.88,200.35,"East"
188.87,187.07,200.22,"East"
189.32,195.55,202.68,"East"
188.91,195.7,198.72,"East"
186.8,200.56,202.3,"East"
191.99,199.48,194.09,"East"
186.66,193.23,200.41,"East"
188.49,195.8,207.49,"East"
196.81,193.36,193.59,"East"
194.59,194.62,195.34,"East"
194.52,189.65,203.38,"East"
198.42,196.32,199.94,"East"
190.88,191.81,194.02,"East"
187.53,194.39,198.12,"East"
188.41,195.56,200.08,"East"
190.96,198.2,192.37,"East"
189.35,196.91,194.41,"East"
188.83,194.54,201.83,"East"
185.75,193.54,203.68,"East"
189.71,193.5,199.2,"East"
191.2,187.03,191.5,"East"
190.89,193.86,196.5,"East"
188.67,196.43,199.4,"East"
189.45,196.87,208.09,"East"
192.61,189.27,192.73,"East"
190.53,194.55,196.75,"East"
191.77,193.56,201.37,"East"
185.31,195.87,200.92,"East"
189.1,202.45,196.75,"East"
189.13,200.81,194.48,"East"
194.55,198.58,191.37,"East"
180.72,190.18,199.13,"East"
187.56,196.26,199.7,"East"
189.18,198.62,191.38,"East"
193.13,190.31,194.82,"East"
195.19,191.92,200.92,"East"
195.17,194.31,193.58,"East"
193.99,194.83,192.89,"East"
188.84,191.96,199.57,"East"
188.37,197.44,196.05,"East"
185.08,198.46,202.63,"East"
188.84,201.91,199.33,"East"
193.06,196.27,192.28,"East"
188.98,190.17,198.14,"East"
198.32,200.59,198.24,"East"
182.27,197.63,194.49,"East"
195.97,199.6,199.01,"East"
192.53,192.72,199.29,"East"
194.52,194.5,196.14,"East"
189.21,187.05,206.67,"East"
191.16,193.06,199.66,"East"
194.99,194.14,194.75,"East"
185.4,191.32,195.67,"East"
183.68,197.81,194.3,"East"
191.77,196.62,198.73,"East"
190.6,197.29,200.23,"East"
185.28,191.56,198.78,"East"
186.73,196.91,201.57,"East"
190.25,198.71,194.08,"East"
186.24,188.96,200.55,"East"
188.24,195.45,201.84,"East"
190.51,199.94,201.45,"East"
191.25,193.55,200.65,"East"
194.58,197.66,196.29,"East"
187.88,193.64,199.36,"East"
198.44,192.64,198.6,"East"
192.15,192.02,197.96,"East"
193.47,198.53,194.96,"East"
186.23,198.55,200.75,"East"
190.9,186.09,199.27,"East"
184.52,202.91,200.61,"East"
194.17,195.24,196.26,"East"
184.38,200.11,201.85,"East"
191.49,201.04,201.74,"East"
190.14,194.02,195,"East"
192.99,194.48,196.88,"East"
192.97,194.11,200.99,"East"
188.8,195.35,194.37,"East"
187.85,196.05,200.39,"East"
187.67,199.91,198.4,"East"
187.27,201.7,193.4,"East"
195.66,196.29,191.42,"East"
190.05,197.89,194.99,"East"
189.26,198.46,201.71,"East"
188.59,191.16,196.08,"East"
191.23,192.55,195.88,"East"
190.56,192.5,191.44,"East"
193.5,198.73,195.74,"East"
195.53,194.69,198.37,"East"
180.39,192.58,193.86,"East"
184.54,192.31,201.01,"East"
185.48,191.65,197.36,"East"
197.37,196.67,197.44,"East"
185.34,193.87,199.39,"East"
190.15,198.8,197.44,"East"
186.95,191.38,205.8,"East"
191.61,186.31,194.49,"East"
189.63,204.74,199.39,"East"
186.52,188.02,197.76,"East"
190.09,193.58,201.26,"East"
186.79,193.1,207.45,"East"
191.16,193.07,196.88,"East"
191.01,191.43,199.56,"East"
191.86,195.97,186.85,"East"
187.17,198.58,195.15,"East"
186.04,201.07,197.07,"East"
192.24,197.52,196.79,"East"
187.24,201.09,197.56,"East"
191.67,191.87,192.38,"East"
187.31,195.14,194.77,"East"
187.98,186.85,198.43,"East"
191.68,196.02,192.62,"East"
189.25,200.67,199.95,"East"
188.7,186.65,198.55,"East"
194.05,193.34,196.9,"East"
196.13,190.95,198.2,"East"
183.88,194.31,198.55,"East"
190.95,199.77,196.75,"East"
187.33,187.53,200.75,"East"
177.45,195.92,201.02,"East"
189.18,187.69,194.3,"East"
195.56,192.61,195.82,"East"
196.4,191.87,202.65,"East"
191.08,188.21,199.62,"East"
191.27,196.87,194.42,"East"
191.69,200.01,195.36,"East"
185.92,191.01,198.71,"East"
189.4,195.28,195.31,"East"
189.17,192.29,195.18,"East"
189.9,195.75,199.22,"East"
194.26,199.43,196.5,"East"
190.03,200.71,200.36,"East"
189.46,190.34,196.23,"East"
177.69,194.93,189.92,"East"
184.65,193.64,192.77,"East"
189.84,197.98,195.73,"East"
186.13,193.82,202.28,"East"
187.41,190.87,200.59,"East"
183.82,206.36,194.58,"East"
188.18,186.48,194.51,"East"
189,195.94,198.16,"East"
196.01,194.53,193.61,"East"
191.23,196.38,203.42,"East"
194.61,201.13,198.72,"East"
189.05,187.26,193.13,"East"
185.95,192.83,206.71,"East"
194.81,197.75,205.18,"East"
191.69,196.5,196.71,"East"
190.16,196.57,193.63,"East"
194.18,190.65,196.89,"East"
185.62,206.36,200.27,"East"
186.59,199.52,196.47,"East"
191.77,195.2,201.83,"East"
195.42,192.39,192.66,"East"
195.9,195.67,198.05,"East"
191.79,189.13,203.21,"East"
193.35,199.98,197.94,"East"
191.36,199.22,205.73,"East"
191.73,197.3,201.06,"East"
186.98,199.91,193.87,"East"
196.2,201.8,200.86,"East"
196.8,201.67,192.47,"East"
190.64,193.73,197.52,"East"
184.67,189.96,201.93,"East"
189.68,200.48,188.81,"East"
191.37,190.4,208.94,"East"
185.27,192.96,198.02,"East"
190.94,193.88,194.57,"East"
196.91,198.6,197.62,"East"
183.45,190.93,190.76,"East"
193.52,195.88,204.18,"East"
190.42,198.95,194.55,"East"
183.53,194.45,194.37,"East"
187.23,197.37,199.68,"East"
182.16,198.64,203.95,"East"
185.24,190.84,193.01,"East"
182.87,193.85,197.22,"East"
191.37,192.98,202.58,"East"
180.6,197.08,197.09,"East"
191.22,191.67,199.58,"East"
191.66,192.84,190.61,"East"
189.6,189.2,206.4,"East"
188.9,189.79,203.49,"East"
190.89,199.16,206.03,"East"
194.38,194.43,193.9,"East"
191.75,195.67,205.53,"East"
181.62,200.22,203.82,"East"
185.06,192.35,198.04,"East"
191.07,198.65,198.37,"East"
191.67,196.47,195.36,"East"
191.06,200.89,202.83,"East"
191.27,195.94,191.15,"East"
187.89,192.56,192.27,"East"
195.11,191.2,198.58,"East"
187.92,194.36,195.62,"East"
191.02,188.69,199.82,"East"
185.02,203.63,201.62,"East"
191.3,199.12,200.25,"East"
195.62,191.49,197.17,"East"
191.32,198.09,199.56,"East"
190.63,198.69,199.83,"East"
193.74,194.35,191.64,"East"
190.37,191.91,200.94,"East"
199.27,196.19,199.97,"East"
190.78,195.19,195.13,"East"
191.35,198.74,199.43,"East"
185.71,200.24,195.85,"East"
193.48,190.5,204.92,"East"
185.44,197.99,198.61,"East"
188.52,198.68,198.74,"East"
195.84,195.38,199.17,"East"
192.44,199.54,198.33,"East"
186.59,199.65,186.07,"East"
185.76,200.76,204.59,"East"
194.03,195.29,201.35,"East"
190.2,199.22,198.3,"East"
191.07,197.41,193.65,"East"
190.04,193.66,194.57,"East"
190.79,190.85,200.75,"East"
183.83,198.95,199.98,"East"
191.88,195.66,194.01,"East"
191.83,188.96,200.13,"East"
191.58,192.29,194.96,"East"
187.77,199.76,203.99,"East"
192.96,193.45,206.16,"East"
189.28,190.37,197.87,"East"
190.59,201.26,201.42,"East"
191.12,190.84,199.51,"East"
185.96,200.12,205.94,"East"
189.55,197.32,186.85,"East"
187.14,183.97,191.94,"East"
190.05,192.53,203.29,"East"
189.94,186.29,203.21,"East"
191.37,194.98,197.31,"East"
188.75,193.06,199.21,"East"
183.19,190.32,198.14,"East"
191.3,198.74,194.59,"East"
191.34,193.22,198.59,"East"
194.04,193.45,189.87,"East"
183.37,195.31,202.84,"East"
190.83,193.71,195.03,"East"
189.02,192.03,199.55,"East"
192.76,195.72,196.76,"East"
191,198.71,204.75,"East"
185.78,198.04,205.75,"East"
186.96,195.51,196.35,"East"
188.21,200,210.56,"East"
187.37,199.42,199.07,"East"
187.35,198.81,202.98,"East"
187.31,196.87,195.35,"East"
189.38,196.69,198.57,"East"
188.09,197.93,192.07,"East"
197.55,198.8,199.66,"East"
185.33,200.93,194.14,"East"
187.04,191.57,193.27,"East"
187.67,191.36,202.01,"East"
189.6,199.26,200.88,"East"
191.26,192.23,198.37,"East"
187.94,196.89,198.94,"East"
188.05,198.18,205.97,"East"
189.34,195.32,195.82,"East"
194.93,200.7,197.16,"East"
183.13,189.99,202.94,"East"
193.02,191.18,197.37,"East"
186.42,198.16,199.02,"East"
191.57,196.75,194.98,"East"
186.7,196.84,197.82,"East"
182.94,189.18,200.84,"East"
191.73,194.09,195.86,"East"
194.78,192.12,195.32,"East"
193.85,198.35,193.83,"East"
189.68,193.67,201.98,"East"
184.21,192.76,200.83,"East"
192.89,197,197.17,"East"
190.01,198.95,204.85,"East"
192.26,195.94,198.89,"East"
193.01,191.15,200.06,"East"
185.56,197.33,196.49,"East"
188.43,193.79,196.09,"East"
190.43,198.06,195.25,"East"
185.3,200.74,206.92,"East"
188.7,192.09,198.79,"East"
191.19,191.31,199.73,"East"
189.59,190.82,201.34,"East"
188.69,189.14,195.62,"East"
191.2,201.79,196.28,"East"
189.31,199.15,198.73,"East"
194.1,200.03,201.21,"East"
190.49,201.29,196.58,"East"
191.35,195.24,194.98,"East"
179,196.17,200.28,"East"
195.88,190.06,194.84,"East"
192.19,189.14,196.84,"East"
188.09,196.44,197.95,"East"
192.17,193.61,198.14,"East"
185.75,194.13,202.7,"East"
183.42,197,196.9,"East"
191.95,190.87,195.01,"East"
187.01,201.31,199.39,"East"
189.76,194.7,194.14,"East"
183.16,197.76,198.93,"East"
196.57,195.52,196.93,"East"
189.65,195.01,191.85,"East"
193.05,197.65,202.24,"East"
189.9,194.1,206.11,"East"
189.06,188.99,195.85,"East"
198.26,185.34,198.29,"East"
187.15,194.98,193.17,"East"
190.57,193.5,201,"East"
193.15,195.35,202.78,"East"
194.62,190.79,192.06,"East"
190.39,192.86,199.37,"East"
190.73,195.53,199.09,"East"
193.95,196.45,202.09,"East"
190.19,191.62,201.99,"East"
196.76,198.22,191.14,"East"
194.24,192.71,195.05,"East"
181.37,193.11,194.35,"East"
185.13,199.41,197.94,"East"
198.87,191.84,194.48,"East"
190.35,193.56,203.32,"East"
188.34,194.53,189.25,"East"
191.31,200.83,202.38,"East"
186.99,195.08,197.1,"East"
183.85,196.77,198.34,"East"
188.7,189.24,197.39,"East"
187.54,197.99,201.96,"East"
190.17,193.98,197.85,"East"
185.58,189.67,201.75,"East"
188.72,197.52,199.87,"East"
189.73,201.05,196.7,"East"
188.66,193.69,197.25,"East"
187.89,195.74,200.75,"East"
189.31,194.95,201.34,"East"
190.57,196.96,197.21,"East"
185.83,195.34,196.85,"East"
192.56,196.56,197.08,"East"
192.02,200.54,200.61,"East"
187.07,190.38,205.74,"East"
194.11,194.69,199.98,"East"
188.57,190.61,198.84,"East"
192.65,191.57,202.81,"East"
187.79,192.81,203.56,"East"
194.63,193,203.23,"East"
187.71,197.5,193.68,"East"
188.53,193.22,204.42,"East"
192.14,193.28,196.96,"East"
188.92,194.07,194.98,"East"
180.18,197.96,193.18,"East"
189.17,194.67,196.67,"East"
190.98,197.41,195.34,"East"
184.07,193.71,199.72,"East"
188.55,198.32,193.9,"East"
186.25,190.35,191.43,"East"
187.63,198.32,197.68,"East"
190.23,202.52,194.64,"East"
191.69,201.65,203.96,"East"
185.27,196.52,195.46,"East"
191.25,196.26,199.58,"East"
189.86,192.79,202.29,"East"
190.11,193.46,197.41,"East"
196.85,197.24,205.46,"East"
184.28,196.34,198.97,"East"
197.5,194.23,197.28,"East"
192.22,196.05,194.96,"East"
196.29,193.35,197.3,"East"
195.01,192.35,196.49,"East"
161.32,162.35,157.55,"South"
158.99,159.59,169.49,"South"
162.02,161.97,168.84,"South"
158.77,161.07,166.42,"South"
163.12,165.81,169.58,"South"
170.4,164.53,174.23,"South"
163.94,166.58,167.84,"South"
157.72,172.83,171.04,"South"
161.57,165.24,168.9,"South"
162.27,164.73,168.82,"South"
159.89,168.05,168.19,"South"
157.47,167.07,164.73,"South"
156.61,168.83,169.15,"South"
160,161.17,170.61,"South"
157.5,156.98,167.1,"South"
153.31,172.5,174.33,"South"
162.5,169.17,165.66,"South"
157.67,162.92,162.2,"South"
164.75,165.83,164.13,"South"
163.06,165.15,163.93,"South"
164.3,168.25,169.87,"South"
159.23,165.05,167.31,"South"
155.37,167.9,167.74,"South"
158.23,162.77,173.65,"South"
155.91,166.74,167.06,"South"
158.48,159.14,164.01,"South"
157,165.99,160.33,"South"
163.29,164.46,170.96,"South"
160.11,165.61,170.83,"South"
158.84,171.2,168.99,"South"
160.75,168.35,162.27,"South"
159.94,169.77,174.04,"South"
163.4,162.76,166.54,"South"
160.27,168.47,171.35,"South"
152.44,162.4,164.23,"South"
162.05,158.64,162.72,"South"
159.84,153.45,169.42,"South"
155.09,163.64,161.61,"South"
156.49,167.5,165.02,"South"
154.73,164.2,172.08,"South"
158.32,175.22,165.2,"South"
158.23,161.91,164.69,"South"
156.89,164.08,163.61,"South"
167.36,158.62,166.87,"South"
159.79,165.28,162.73,"South"
157.57,163.78,162.53,"South"
165.9,173.88,160.74,"South"
162.88,166.71,166.4,"South"
157.56,167.76,173.13,"South"
167.61,167.33,171.89,"South"
161.7,165.74,167.75,"South"
163.65,159.57,166.39,"South"
163.69,162.33,173.88,"South"
162.66,165.42,172.43,"South"
158.84,158.78,170.03,"South"
161.69,165.05,175.02,"South"
155.46,160.53,162.71,"South"
160.13,159.99,160.97,"South"
163.12,161.75,163.98,"South"
166.15,167.88,163.32,"South"
160.54,160.85,172.82,"South"
157.5,168.65,168.5,"South"
155.19,164.58,168.62,"South"
162.4,166.09,177.89,"South"
161.92,160.33,162.56,"South"
153.45,165.79,168.57,"South"
165.74,162.87,170.86,"South"
163.04,161.47,163.8,"South"
161.15,163.7,166.34,"South"
163.94,167.11,166.19,"South"
163.07,168.9,166.27,"South"
159.66,168.18,167.46,"South"
157.37,158.77,163.7,"South"
158.8,161.71,167.38,"South"
160.14,161.58,168.83,"South"
154.8,167.57,162.96,"South"
159.1,162.14,163.3,"South"
163.96,165.56,163.91,"South"
168.66,166.39,173.81,"South"
153.39,167.95,173.95,"South"
162.82,161.65,167.93,"South"
161.01,165.98,175.53,"South"
159.37,166.8,161.46,"South"
163.84,163.67,172.47,"South"
158.92,165.84,167.13,"South"
165.31,165.48,166.58,"South"
155.97,166.5,166.76,"South"
164.18,169.36,165.01,"South"
159.73,164.11,174.46,"South"
151.28,175.53,163.73,"South"
156.6,166.3,167.55,"South"
159.2,165.24,168.46,"South"
155.03,167.44,167.04,"South"
159.63,163.08,168.4,"South"
163.35,165.42,166.97,"South"
152.26,166.23,174.46,"South"
163.67,169.43,169.82,"South"
156.43,168.26,174.31,"South"
156.01,165.05,170.72,"South"
161.73,161.3,168.05,"South"
161.45,169,162.9,"South"
158.86,166.03,166.32,"South"
159.76,161.9,171.73,"South"
164.54,168.76,167.37,"South"
154.45,165.84,165.09,"South"
161.83,163.69,166.08,"South"
159.43,165.74,167.32,"South"
155.87,161.32,172.62,"South"
160.11,161.03,170.8,"South"
160.47,162.47,170.32,"South"
160.81,169.24,170.59,"South"
157.98,169.22,163.75,"South"
159.57,164.47,167.64,"South"
158.58,167.35,168.85,"South"
156.47,165.12,168.28,"South"
164.62,164.12,168.67,"South"
152.7,159.96,172.47,"South"
160.79,151.28,173.1,"South"
161.21,160.28,174.75,"South"
157.94,161.35,167.92,"South"
159.13,156.98,167.09,"South"
159.52,160.83,164.56,"South"
153.02,162.07,173.07,"South"
153.07,169.03,169.95,"South"
164.93,157,175.22,"South"
156.52,171.15,167.75,"South"
154.96,164.4,167.72,"South"
151.83,162.61,169.65,"South"
159.5,166.79,170.17,"South"
162.73,166.89,161.69,"South"
160.73,163.66,170.26,"South"
163.01,169,167.65,"South"
164.31,165.35,166.06,"South"
156.8,167.89,173.85,"South"
156.5,159.8,174.3,"South"
157.88,163.4,163.01,"South"
154.16,165.91,163.79,"South"
160.36,170.16,166.74,"South"
162.77,160.83,168.41,"South"
164.51,167.85,177.89,"South"
161.34,159.58,163.77,"South"
162.56,171.25,167.38,"South"
154.51,164.03,169.05,"South"
163.93,161.17,169.19,"South"
157.98,162.97,171.9,"South"
168.93,157.24,175.2,"South"
156.99,160.55,166.32,"South"
161.5,168.67,167.47,"South"
161.29,164.22,174.01,"South"
160.99,166.53,165.4,"South"
159.42,167.59,168.86,"South"
159.36,169.52,169.23,"South"
159.93,165.21,170.73,"South"
163.01,159.01,164.32,"South"
154.28,169,171.55,"South"
160.82,166.78,167.44,"South"
170.39,162.73,166.28,"South"
153.47,170.86,171.22,"South"
162.5,171.29,163.35,"South"
164.3,164.91,164.49,"South"
154.68,166.76,161.64,"South"
160.02,168.09,165.88,"South"
159.08,166.48,163.3,"South"
160.47,158.7,172.35,"South"
163.48,160.52,172.23,"South"
154.21,169.55,169.8,"South"
161.7,168.13,165.33,"South"
156.9,163.54,165.98,"South"
161.06,158.46,174.96,"South"
166.45,166.65,170.8,"South"
157.69,165.78,159.44,"South"
161.87,166.23,165.84,"South"
160.37,170.82,172.14,"South"
157.83,162.1,157.75,"South"
158.07,157.18,170.6,"South"
160.17,158.84,170.43,"South"
158.87,163.45,176.18,"South"
156.82,166.22,171.95,"South"
160.6,165.54,169.22,"South"
163.2,164.12,170.49,"South"
155.77,168.68,165.53,"South"
164.11,171.54,166.38,"South"
159.29,161.57,165.29,"South"
163.23,166.61,166.39,"South"
160.63,163.02,167.71,"South"
161.37,164.34,170.82,"South"
160.39,165.09,172.88,"South"
158.16,171.18,171.55,"South"
164.92,158.6,167.42,"South"
161.3,163.04,169.7,"South"
166.09,165.61,172.8,"South"
156.89,161,171.05,"South"
159.96,173.87,169.59,"South"
161.37,166.02,167.7,"South"
160.45,160.44,169.12,"South"
165.36,164.78,174.19,"South"
156.58,165.6,171.36,"South"
159.94,163.88,161.41,"South"
157.87,168.32,174.07,"South"
158.46,163.03,167.56,"South"
165.28,162.57,170.64,"South"
161.7,162.04,171.41,"South"
159.59,163.45,165.36,"South"
154.91,162.28,161.1,"South"
161.05,158.84,163.53,"South"
163.82,172.24,173.03,"South"
156.99,168.27,164.87,"South"
163.7,161.88,165.6,"South"
161.79,160.99,162.04,"South"
158.46,165.31,164.58,"South"
162.71,162.61,166.26,"South"
161.04,172.38,166.6,"South"
158.65,167.88,162.05,"South"
165.25,161.75,166.4,"South"
159.96,162.74,165.23,"South"
161.66,165.87,169.13,"South"
160.7,168.93,171.87,"South"
154.32,167.76,170.06,"South"
159.31,169.49,165.66,"South"
159.1,159.13,158.81,"South"
153.92,159.02,169.08,"South"
163.56,171.61,165.53,"South"
154.16,171.77,172.85,"South"
160.93,165.5,169.32,"South"
157.85,166.66,167.64,"South"
156.49,165.96,167.97,"South"
156.21,166.11,168.44,"South"
160.27,164,167.96,"South"
162.79,162.58,166.99,"South"
156.49,165.4,158.27,"South"
159.77,164.06,174.56,"South"
167.82,177.54,163.04,"South"
164.71,162.3,170.89,"South"
162.22,158.26,167.04,"South"
161.56,167.68,167.73,"South"
164.68,168.57,165.28,"South"
164.55,161.62,171.12,"South"
161.06,164.67,174.2,"South"
162.81,173.52,160.94,"South"
159.68,161.05,170.6,"South"
157.39,171.65,169.21,"South"
154.66,159.41,164.2,"South"
150.45,159.35,166.88,"South"
157.12,165.96,161.34,"South"
168.97,170.22,169.06,"South"
158.38,165.32,167.95,"South"
157.34,165.21,175.1,"South"
159.75,166.22,167.96,"South"
161.05,160.71,164.7,"South"
162.2,163.22,172.41,"South"
167.3,159.1,167.53,"South"
160.27,162.16,164.55,"South"
157.87,161.42,166.64,"South"
164.98,169.19,173.44,"South"
158.56,163.14,165.59,"South"
154.83,164.85,169.92,"South"
164.24,162.09,173.75,"South"
163.73,162.77,163.68,"South"
166.35,171.01,166.47,"South"
166.26,162.58,166.62,"South"
160.41,169.82,172.5,"South"
156.6,159.53,166.34,"South"
159.77,158.96,168.34,"South"
161.14,166.04,160.31,"South"
156.4,165.34,170.34,"South"
160.67,160.58,167.44,"South"
165,160.41,167.51,"South"
163.4,170.05,165.03,"South"
154.02,165.42,166.91,"South"
152.6,162.72,169.64,"South"
155.35,163.37,172.5,"South"
159.23,171.62,164.74,"South"
157.88,159.46,167.34,"South"
151.22,163.71,167.49,"South"
169.8,162.63,169.36,"South"
163.03,165.73,165.15,"South"
162.89,167.49,163.24,"South"
153.22,161.83,164.66,"South"
159.86,172.71,170.79,"South"
161.17,166.61,168.42,"South"
157.74,165.2,173.57,"South"
158.22,158.84,170.15,"South"
160.21,164.42,164.18,"South"
159.17,166.21,169.71,"South"
152.88,168.52,169.3,"South"
160.02,164.72,165.65,"South"
163.37,167.92,171.89,"South"
157.9,164.43,167.12,"South"
158.71,163.29,168.64,"South"
161.75,163.13,162.01,"South"
164.59,158.21,173.32,"South"
158.72,163.04,166.11,"South"
163.12,163.93,166.98,"South"
169.32,165.52,170.06,"South"
161.28,167.86,168.85,"South"
162.59,160.19,155.84,"South"
162.63,165.5,166.89,"South"
156.73,168.2,169.31,"South"
153.44,169.89,171.91,"South"
156.76,164.22,171.96,"South"
156.28,171.29,161.65,"South"
161.86,159.53,162.87,"South"
158.65,168.63,170.23,"South"
163.36,158.81,166.44,"South"
160.08,167.33,161.08,"South"
157.47,167.72,169,"South"
166.01,155.32,170.19,"South"
162.89,165.82,168.12,"South"
150.45,162.52,167.16,"South"
150.21,172.74,168.11,"South"
158.41,164.45,171.03,"South"
160.71,171.24,165.21,"South"
163.28,167.75,168.29,"South"
159.35,169.18,167.66,"South"
165.8,158.73,168.48,"South"
157.46,162.61,160.79,"South"
160.43,159.91,172.27,"South"
163.8,171.14,169.35,"South"
155.29,167.23,169.33,"South"
155.91,161.6,174.88,"South"
159.84,157.59,164.79,"South"
161.31,169.56,167.72,"South"
151.52,166.4,179.08,"South"
157.97,165.28,175.48,"South"
157.68,166.73,171.61,"South"
160.24,161,164.25,"South"
157.46,161.28,172.11,"South"
156.54,173.27,166.45,"South"
157.2,166.72,169.61,"South"
166.44,162.62,173.01,"South"
159.35,168.99,174.29,"South"
162.01,164.93,167.91,"South"
159.48,166.44,170.7,"South"
165.13,166.53,172.3,"South"
165.35,167.7,168.08,"South"
157.45,166.07,172.4,"South"
158.47,164.87,166.14,"South"
159.9,162.3,164.86,"South"
157.53,173.1,169.12,"South"
158.39,161.32,164.56,"South"
165.68,166.68,170.07,"South"
158.12,166.33,165.64,"South"
160.85,162.06,168.38,"South"
161.13,168.51,169.63,"South"
153.05,163.86,162.79,"South"
156.86,162.32,162.2,"South"
160.67,158.63,171.29,"South"
157.31,173.12,166.61,"South"
159.77,164.68,171.51,"South"
160.27,163.94,167.04,"South"
161.14,170.82,163.98,"South"
162.26,166.83,171.2,"South"
162.27,163.93,161.76,"South"
161.76,168.45,169.71,"South"
160.4,173.27,160.61,"South"
158.19,171.82,165.32,"South"
167.12,163.84,163.91,"South"
158.33,167.04,165.34,"South"
161.54,166.68,170.66,"South"
156.99,168.65,173.44,"South"
161.2,167.42,162.85,"South"
158.08,163.63,171.87,"South"
161.12,165.31,158.88,"South"
155.97,158.68,165.32,"South"
160.72,165.2,166.54,"South"
173.45,164.33,171.84,"South"
162.58,160.13,170.3,"South"
162.81,163.08,174.69,"South"
157.32,159.58,171.51,"South"
163.26,166.36,169.34,"South"
154.23,166.59,162.34,"South"
163.58,159.71,163.98,"South"
158.67,166.57,166.39,"South"
157.93,154.92,169.49,"South"
155.82,163.97,171.02,"South"
155.96,154.86,164,"South"
155.79,164.13,163.35,"South"
158.61,163.93,167.94,"South"
162.58,161.84,168.16,"South"
154,163.03,170.44,"South"
160.97,164.6,161.76,"South"
158.45,156.41,164.88,"South"
163.6,163.61,166.77,"South"
156.91,164.34,158.53,"South"
160.19,160.72,167.55,"South"
160.45,161.58,162.9,"South"
161.45,164.68,160.6,"South"
160.05,163.07,164.81,"South"
159.8,163.04,169.94,"South"
159.36,160.43,166.05,"South"
164.26,166.95,162.41,"South"
158.41,172.28,165.94,"South"
161.5,168.91,170.35,"South"
153.87,161.46,176.66,"South"
160.46,166.06,167.68,"South"
163.18,165.24,167.36,"South"
159.44,170.11,170.47,"South"
162.29,166.95,161.16,"South"
162.89,167.1,176.82,"South"
166.86,170.01,164.87,"South"
155.73,166.08,165.63,"South"
163.58,168.92,164.36,"South"
155.49,168.51,167.57,"South"
160.03,169.42,167.98,"South"
159.83,170.41,167.98,"South"
154.71,163.85,172.09,"South"
159.24,164.15,167.4,"South"
169.87,165.35,170.18,"South"
164.81,166.71,165.09,"South"
159.4,167.67,168.35,"South"
158.29,161.55,166.93,"South"
162.54,168.21,175.8,"South"
161.52,161.23,162.8,"South"
159.95,172.09,168.11,"South"
165.67,162.08,173.13,"South"
155.33,159.62,169.91,"South"
164.37,169.98,161.83,"South"
153.65,157.58,169.58,"South"
159.31,162.98,165.18,"South"
162.35,176.11,163.64,"South"
164.22,169.28,175.3,"South"
161.22,170.21,170.33,"South"
154.45,171.33,163.37,"South"
165.99,169.07,175.14,"South"
159.48,163.17,168.39,"South"
162.9,164.44,170.61,"South"
162.4,166.98,168.51,"South"
155.96,167.87,168.18,"South"
160.84,166.28,174.27,"South"
161.77,160.13,157.57,"South"
158.6,164.24,166.37,"South"
160.55,166.29,163.9,"South"
157.56,161.18,165.73,"South"
160.44,154.44,169.53,"South"
165.83,161.25,168.3,"South"
159.72,166.31,171.53,"South"
162.14,165.99,167.65,"South"
160.38,163.38,162.97,"South"
163.05,162.3,168.68,"South"
155.7,163.35,163.03,"South"
164.4,167.36,167.91,"South"
152.87,165.69,168.19,"South"
170.57,161.55,168.71,"South"
160.46,164.06,167.76,"South"
166.9,166.03,171.01,"South"
159.54,166.17,158.41,"South"
163.53,157.88,166.03,"South"
156.56,161.22,173.01,"South"
159.5,155.17,161.7,"South"
156.01,161.3,169.72,"South"
162.2,165.53,171.69,"South"
163.86,159.11,165.25,"South"
165.12,171.43,169.86,"South"
156.71,169.72,170.16,"South"
165.16,168.05,163.7,"South"
160.21,166.11,166.21,"South"
158.75,165.39,173.45,"South"
161.67,164.13,173.22,"South"
162.83,163.07,162.57,"South"
160.22,171.11,174.68,"South"
156,163.13,161.42,"South"
160.08,168,173.81,"South"
155.54,165.53,166.57,"South"
162.42,171.03,170.24,"South"
155.51,167.34,163.68,"South"
161.74,156.54,171.96,"South"
160.32,161.87,169.87,"South"
159.57,166.64,167.66,"South"
159.89,162.27,170.14,"South"
154.34,160.74,164.13,"South"
162.07,163.87,167.15,"South"
160.63,164.76,175.08,"South"
151.11,161.15,164.98,"South"
159.39,168.14,170,"South"
162.93,154.22,169.54,"South"
160.26,166.35,169.29,"South"
158.56,161.25,162.85,"South"
159.39,160.68,164.47,"South"
157.85,162.38,166.83,"South"
156.76,168.04,159.72,"South"
165.61,161.09,179,"South"
165.37,170.71,165.43,"South"
165.3,160.55,166.16,"South"
162.04,165.17,170.39,"South"
165.15,168.41,164.37,"South"
168.41,169.75,165.48,"South"
156.19,161.07,165.47,"South"
159.22,163.49,165.64,"South"
158.17,165.83,164.58,"South"
163.96,170.52,165.34,"South"
154.74,166.01,163.76,"South"
152.48,159.01,166.68,"South"
157.99,157.67,177.79,"South"
159.03,161.46,166.29,"South"
172.56,167.27,167.49,"South"
157.65,164.38,166.48,"South"
159.37,162.61,169.68,"South"
159.88,172.34,162.47,"South"
154.45,166.6,171.44,"South"
163.72,167.45,170.21,"South"
157.27,161.67,165.88,"South"
165.15,163.95,167.04,"South"
160.15,161.4,168.58,"South"
165.59,162.33,167.41,"South"
156.04,166.54,168.73,"South"
157.91,162.35,172.74,"South"
159.14,164.68,169.51,"South"
160.2,162.42,172.04,"South"
158.08,168.91,157.52,"South"
154.61,163.58,163.17,"South"
160.44,173.57,163.03,"South"
160.8,162.88,170.28,"South"
154.72,169.24,167.38,"South"
163.77,160.42,172.48,"South"
152.34,161.58,172.95,"South"
161.4,174.15,166.78,"South"
158.12,160.62,165.62,"South"
152.69,164.52,167.2,"South"
157.61,160.94,167.53,"South"
164.61,172.71,165.48,"South"
157.58,170.52,166.08,"South"
162.49,165.16,164.99,"South"
163.92,168.52,163.48,"South"
165.02,161.52,171.52,"South"
165.88,162.56,170.45,"South"
159,166.23,167.94,"South"
151.62,166.38,165.32,"South"
160.46,162.14,163.41,"South"
160.59,159.85,172.7,"South"
168.43,159.67,168.15,"South"
163.38,168.12,172.88,"South"
150.18,166.62,166.43,"South"
160.77,163.9,176.32,"South"
157.11,171.33,165.96,"South"
157.68,159.58,168.23,"South"
162.03,162.74,159.96,"South"
161.82,165.79,172.41,"South"
162.51,168.32,163.74,"South"
161.38,163.81,170.97,"South"
160.94,172.4,165.97,"South"
159.76,169.16,169.17,"South"
161.48,170.45,161.5,"South"
157.18,166.3,162.92,"South"
162.25,168.48,163.8,"South"
149.17,162.26,173.48,"South"
160.48,165.02,171.16,"South"
163.86,166.49,158.53,"South"
155.47,166.9,165.17,"South"
158.91,171.55,166.11,"South"
163.96,166.01,167.51,"South"
152.17,164.65,163.27,"South"
158.98,163.62,173.57,"South"
164.58,170.6,167.66,"South"
153.78,162.82,165.34,"South"
158.65,160.53,166.78,"South"
166.5,166.06,171.47,"South"
164.5,162.35,163.56,"South"
164.44,164.45,167.81,"South"
163.3,166.32,166.75,"South"
164.56,168.84,170.85,"South"
157.39,165.06,173.83,"South"
158.27,165.9,169.91,"South"
155.19,168.99,168.54,"South"
160.94,165.69,163.43,"South"
159.42,164.54,169.86,"South"
159.18,170.26,173.94,"South"
165.53,161.56,173.26,"South"
158.32,165.53,172.4,"South"
158.74,164.15,168.69,"South"
158.68,168.07,166.89,"South"
154.26,170.79,176.54,"South"
154.92,162.29,170.08,"South"
159.62,165.85,170.74,"South"
158.52,162.95,163.85,"South"
158.64,159.32,167.57,"South"
160.95,170.05,166.25,"South"
155.58,169.21,171.7,"South"
152.9,166.68,170.37,"South"
162.12,164.75,168.83,"South"
158.36,167.71,169.3,"South"
154.2,171.79,172.89,"South"
157.36,158.34,165.45,"South"
157.24,166.42,164.53,"South"
164.01,165.33,171.11,"South"
160.53,164.56,156.98,"South"
162.72,168.57,162.84,"South"
157.31,159.71,172.09,"South"
162.07,171.14,171.61,"South"
168.51,169.5,169.59,"South"
157.18,162.1,170.88,"South"
152.38,165.25,168.15,"South"
153.62,160.11,167.49,"South"
163.29,164.29,168.98,"South"
157.36,165.8,172.55,"South"
160.87,170.96,168.21,"South"
161.65,164.59,163.81,"South"
151.84,164.5,170.46,"South"
158.16,159.28,162.54,"South"
159.96,168.86,176.25,"South"
157.75,174.93,173.71,"South"
152.22,158.83,154.35,"West"
148.88,156.71,157.1,"West"
157.1,155.65,160.6,"West"
150.75,151.21,165.17,"West"
154.57,161.68,153.67,"West"
151.66,155.83,158.81,"West"
154.92,152.06,156.08,"West"
150.95,146.83,164.76,"West"
148.54,160.26,158.8,"West"
154.42,157.45,150.88,"West"
145.63,159.71,164.21,"West"
151.85,148.65,163.83,"West"
144.56,159.59,162.82,"West"
142.58,151.07,151.27,"West"
148.24,157.87,162.41,"West"
149.22,160.45,152.63,"West"
155.59,157.63,154.2,"West"
150.4,158.07,157.29,"West"
149.54,152.63,160.38,"West"
152.81,155.4,155.18,"West"
151.05,159.79,162.28,"West"
157.34,158.35,163.13,"West"
151.43,154.92,162.03,"West"
145.82,158.41,157.17,"West"
152.48,147.88,155.78,"West"
150.6,158.35,164.64,"West"
144.16,155.88,162.64,"West"
141.89,156.26,156.69,"West"
145.77,154.96,158.28,"West"
147.09,158.98,154.15,"West"
149.97,153.47,153.65,"West"
153.39,156.32,156.36,"West"
148.47,161.59,155.12,"West"
147.89,159.15,163.22,"West"
148.91,150.54,156.9,"West"
147.58,154.74,159.6,"West"
148.67,157.17,153.95,"West"
149.03,150.32,157.01,"West"
146.55,152.97,153.51,"West"
146.61,156.29,156.6,"West"
150.4,153.74,161.08,"West"
156.36,151.15,161.41,"West"
152.27,153.69,161.48,"West"
156.46,156.36,158.95,"West"
148.13,160.7,164.39,"West"
147.1,154.02,152.63,"West"
145.91,153.28,148.48,"West"
142.25,150.47,157.95,"West"
151.11,159.7,156.27,"West"
155.63,152.29,157.3,"West"
151.09,158.04,162.13,"West"
153.02,152.22,166.95,"West"
148.6,157.26,158.74,"West"
147.82,157.82,153.62,"West"
150.94,156.67,155.2,"West"
148.81,158.63,155.53,"West"
146.64,147.35,158.99,"West"
153.31,154.86,154.55,"West"
155.93,150.27,158.86,"West"
152.8,145.03,154.78,"West"
144.95,152.5,158.39,"West"
151.19,152.15,163.75,"West"
149.41,152.3,151.99,"West"
146.44,148.44,161.02,"West"
154.05,158.98,155.52,"West"
146.32,155.8,154.74,"West"
147.7,152.33,151.38,"West"
154.6,147.01,163.62,"West"
154.58,156.49,155.96,"West"
149.04,152.65,160.17,"West"
145.65,162.31,160.91,"West"
149.75,161.26,153.3,"West"
147.93,153.79,156.38,"West"
142.37,154.55,157.85,"West"
150.43,154.56,156.63,"West"
145.29,154.39,158.45,"West"
156.98,154.38,158.23,"West"
148.41,150.56,156.01,"West"
151.77,150.25,162.5,"West"
151.8,151.68,158.39,"West"
149.7,158.61,158.36,"West"
151.19,159.43,159.55,"West"
145.22,152.72,159.39,"West"
142.01,158.46,156.5,"West"
155.55,158.13,158.34,"West"
149.67,157.38,160.26,"West"
151.57,149.6,156.32,"West"
145.67,154.02,158.99,"West"
156.41,150.55,159.96,"West"
154.02,149.55,153.88,"West"
151.52,150.5,164.31,"West"
147.74,152.52,157.27,"West"
145.14,157.19,154.74,"West"
144.54,156.84,153.58,"West"
144.34,149.19,162.46,"West"
148.98,159.85,160.7,"West"
145.1,154.41,148.46,"West"
150.86,155.18,153.29,"West"
150.27,155.57,159.9,"West"
153.43,152.62,154.17,"West"
148.52,155.57,151.05,"West"
152.45,151.16,156.62,"West"
143.48,155.15,161.22,"West"
150.57,153.77,154.32,"West"
148.94,156.86,158.26,"West"
147.99,157.1,159.7,"West"
154.89,157.74,153.63,"West"
151.73,159.06,160.96,"West"
149.97,157.93,152.25,"West"
156.69,147.64,157.94,"West"
146.53,155.56,159.67,"West"
156.54,159.43,159.56,"West"
145.92,151.89,160.85,"West"
146.75,159.13,157.15,"West"
149.8,158.82,152.06,"West"
149.55,152.51,159.87,"West"
153.41,150.08,157.85,"West"
152.99,157.2,153,"West"
151.56,154.47,159.96,"West"
149.26,154.9,157.21,"West"
155.3,152.8,157.38,"West"
151.82,150.57,155.41,"West"
149.67,162.69,160.13,"West"
149.71,153.27,163.01,"West"
144.62,161.11,153.77,"West"
149.2,157.83,153.24,"West"
149.05,149.5,155.18,"West"
149.77,153.63,154.29,"West"
145.87,157.7,156.92,"West"
146.53,150.05,158.57,"West"
153.39,160.31,156.76,"West"
150.49,161.09,154.77,"West"
151.61,151.91,153.12,"West"
153.69,158.64,154.63,"West"
157.15,154.37,156.05,"West"
149.28,151.6,154.87,"West"
148.43,150.94,161.46,"West"
152.89,153.74,162.48,"West"
153.83,153.38,164.06,"West"
144.82,157.12,157.01,"West"
151.36,147.45,157.48,"West"
145.41,149.1,152.51,"West"
145.64,157.35,164.17,"West"
142.03,157.13,158.45,"West"
151.72,155.79,157.9,"West"
156.83,156.4,154.52,"West"
143.67,150.35,160.3,"West"
148.57,153.46,160.67,"West"
143.21,153.86,153.95,"West"
145.39,163.27,158.76,"West"
138.62,153.75,150.02,"West"
156.86,151.23,157.52,"West"
145.08,155.16,162.5,"West"
148.74,162.85,152.78,"West"
149.72,154,154.72,"West"
146.65,157.89,161.98,"West"
150.99,158.24,158.95,"West"
139.7,156.37,159.1,"West"
150.02,157.54,159.43,"West"
159.38,150.96,161.51,"West"
150.26,153.7,162.19,"West"
154.44,147.87,160.11,"West"
148.3,153.71,159.08,"West"
152.62,154.39,158.75,"West"
152.37,161.59,162.71,"West"
146.06,168.29,161.32,"West"
151.14,162.12,164.6,"West"
150.12,152.72,157.24,"West"
153.2,150.72,153.63,"West"
144.79,153.98,161.19,"West"
161.08,158.88,153.94,"West"
148.62,158.34,161.27,"West"
154.03,154.58,157.92,"West"
161.26,152.65,169.61,"West"
153.31,153.61,152.85,"West"
161.53,149.23,156.95,"West"
151.4,156.86,151.87,"West"
146.38,152.61,152.53,"West"
153.26,151.88,155.01,"West"
148.03,154.44,162.29,"West"
147.88,158.94,153.73,"West"
152.54,158.14,159.51,"West"
141.71,160.57,155.11,"West"
149.22,150.3,158.97,"West"
150.77,152.89,159.55,"West"
144.86,149.29,159.16,"West"
150.84,158.98,159.72,"West"
148.8,154.98,150.75,"West"
145.82,153.99,162.88,"West"
153.28,158.5,157.86,"West"
154.01,162.64,165.11,"West"
151.74,150.78,162.26,"West"
151.86,157.31,165.05,"West"
145.61,156.2,158.88,"West"
152.44,149.3,153.47,"West"
150.07,156.08,155.66,"West"
152.95,145.32,160.8,"West"
154.98,147.32,157.18,"West"
147.07,157.42,153.41,"West"
149.71,152.89,155.87,"West"
154.13,160.87,152.44,"West"
153.28,155.36,154.67,"West"
148.2,147.01,158.22,"West"
154.42,160.67,154.8,"West"
155.04,159.26,155.3,"West"
147.58,155.61,163.83,"West"
144.37,155.11,153.88,"West"
156.78,159.6,159.69,"West"
144.73,154.39,156.77,"West"
146.36,151.74,157.79,"West"
142.74,161.1,157.45,"West"
150.76,159.1,159.65,"West"
146.53,155.01,158.12,"West"
151.85,154.44,160.38,"West"
143.28,151.88,157.95,"West"
155.12,158.21,158.94,"West"
145.64,152.47,156.01,"West"
151.01,153.19,157.61,"West"
149.44,156.14,152.6,"West"
143.55,150.01,158.82,"West"
147.55,155.32,162.29,"West"
149.41,156.25,160.76,"West"
148.55,160.58,161.52,"West"
152.83,157.24,165.02,"West"
148.24,154.07,162.06,"West"
152.22,150.91,160.24,"West"
147.99,153.7,157.26,"West"
150.63,164.78,162.03,"West"
156.25,154.01,150.3,"West"
152.05,159.37,158.17,"West"
150,154.59,156.34,"West"
143.92,152.81,156.31,"West"
149.17,154.81,154,"West"
152.84,156.54,155.41,"West"
142.67,157.94,157,"West"
149.09,159.51,156.86,"West"
147.97,158.1,164.31,"West"
145.07,152.37,151.09,"West"
146.45,158.77,159.65,"West"
147.96,151.12,157.49,"West"
150.83,160.01,155.04,"West"
150.7,160.05,158.15,"West"
140.47,152.96,157.98,"West"
145.58,153.2,156.45,"West"
147.56,150.02,151.33,"West"
152,154.65,164.77,"West"
148.27,154.76,157.69,"West"
148.64,155.03,163.41,"West"
141.78,157.18,158.08,"West"
149.28,157.99,161.61,"West"
152.46,151.19,158.04,"West"
151.65,154.57,158.3,"West"
148.16,150.41,152.91,"West"
147.31,152.02,149.55,"West"
150.77,154.73,161.03,"West"
155.53,157.34,165.54,"West"
150.26,156.94,156.93,"West"
159.21,152.04,165.03,"West"
141.67,158.76,154.92,"West"
145.37,160.77,158.92,"West"
152.5,152.15,158.28,"West"
143.91,151.68,158.58,"West"
139.56,151.97,159.76,"West"
160.11,160.47,157.7,"West"
151.51,152.2,157.17,"West"
150.11,158.67,158.89,"West"
147.18,155.45,156.56,"West"
152.54,153.23,160.44,"West"
154.68,152.79,154.99,"West"
148.77,155.92,151.37,"West"
147.18,156.95,163.51,"West"
144.92,153.19,161.6,"West"
150.38,154.29,151.11,"West"
148.21,151.79,161.69,"West"
143.16,144.68,156.75,"West"
144.23,154.46,160.3,"West"
155.09,156.71,158.79,"West"
153.06,157.43,153.58,"West"
146.28,154.09,159.83,"West"
155.79,155.13,157.68,"West"
147.95,162.37,161.61,"West"
159.34,161,157.57,"West"
152.62,155.95,159.05,"West"
149.44,156.15,150.69,"West"
147.98,158.41,157.99,"West"
150.23,155.85,163.57,"West"
144.24,153.22,158.9,"West"
155.02,154.34,154.52,"West"
151.68,152,156.02,"West"
150.42,150.73,160.69,"West"
150.36,160.39,158.59,"West"
140.48,155.98,155.99,"West"
161.62,148.23,160.16,"West"
151.03,154.25,157.59,"West"
150.63,155.32,159.57,"West"
144.86,158.4,156.81,"West"
148.21,160.62,160.42,"West"
143.64,151.44,166.55,"West"
144.98,155.93,153.34,"West"
149.57,158.38,155.53,"West"
144.9,153.61,154.28,"West"
145.58,151.39,160.49,"West"
150.54,164.15,152,"West"
151.33,152.55,151.59,"West"
145.85,154.14,153.08,"West"
150.88,157.09,160.8,"West"
151.59,144.36,160.32,"West"
155.84,152.63,155.56,"West"
145.35,152,152.66,"West"
144.58,154.14,156.97,"West"
154.29,157.67,154.37,"West"
154.28,154.34,153.24,"West"
149.33,151.77,161.47,"West"
154.46,154.81,152.39,"West"
141.07,159.45,155.4,"West"
156.34,156.32,160.66,"West"
145.63,161.38,163.94,"West"
151.91,162.01,161.49,"West"
151.34,152.35,159.26,"West"
150.66,147.9,150.21,"West"
151.35,158.23,149.38,"West"
152.61,154,160.35,"West"
146.39,151.69,157.75,"West"
149.89,151.34,156.26,"West"
147.09,154.46,159.04,"West"
149.47,153.03,161.9,"West"
153.15,155.42,162.36,"West"
146.33,155.41,158.89,"West"
155.41,150.16,157.09,"West"
152.25,151.71,154.19,"West"
155.29,160.17,156.8,"West"
153.82,154.79,160.9,"West"
153.51,153.15,161.77,"West"
152.73,156.41,156.52,"West"
151.73,159.43,159.88,"West"
156.12,154.7,158.76,"West"
141.73,156.12,160.49,"West"
153.51,153.57,161.54,"West"
155.73,154.45,159.06,"West"
150.39,153.73,155.85,"West"
140.73,151.44,159.55,"West"
148.16,162.22,158.28,"West"
145.94,150.9,162.12,"West"
146.23,153.13,150.59,"West"
155.5,156.18,159.59,"West"
150.57,164.84,156.72,"West"
151.9,157.12,159.01,"West"
144.07,150.28,159.32,"West"
156.04,151.37,154.86,"West"
150.42,154.98,162.45,"West"
158.43,151.6,154.82,"West"
156.31,158.77,156.16,"West"
150.25,154.14,157.66,"West"
149.05,159.94,162.34,"West"
149.29,152.77,160.68,"West"
145.3,159.57,157.32,"West"
164.36,157.04,158.58,"West"
154.91,152.65,154.34,"West"
153.85,149.92,160.04,"West"
150.72,154.58,159.36,"West"
150.6,152.61,157.12,"West"
151.65,159.47,161.46,"West"
157.97,158.9,158.2,"West"
155.49,152.93,157.25,"West"
150.08,156.44,155.81,"West"
142.51,149.56,159.9,"West"
150.51,152.64,157.99,"West"
145.96,149.56,157.13,"West"
151.53,158.57,170.85,"West"
153.01,148.24,160.01,"West"
151.46,154.07,159.75,"West"
146.95,158.37,167.21,"West"
149.19,150.62,152.7,"West"
156.6,150.53,156.39,"West"
155.85,145.72,160.87,"West"
154.4,159.58,160,"West"
150.48,157.31,159.47,"West"
152.57,154.03,157.9,"West"
147.7,151.52,158.33,"West"
150.47,152.01,164.44,"West"
153.71,155.44,159.9,"West"
150.8,148.01,154.65,"West"
149.54,154.72,156.96,"West"
147.77,153.24,167.11,"West"
149.8,152.49,152.01,"West"
144.84,153.1,160.97,"West"
151.36,155.38,163.06,"West"
156.77,155.07,154.92,"West"
149.16,155.68,160.27,"West"
150.56,153.04,155.64,"West"
142.75,153.99,153.32,"West"
151.26,152.1,162.93,"West"
153.7,154.87,161.38,"West"
148.91,156.18,155.43,"West"
151.18,152.25,157.86,"West"
156.39,154.95,156.22,"West"
146.76,153.45,153.44,"West"
154.66,158.07,159.02,"West"
149.89,163,158.23,"West"
147.05,161.65,153.42,"West"
150.85,152.65,164.25,"West"
150.66,159.46,150.61,"West"
152.53,160,161.61,"West"
146.19,154.8,152.37,"West"
147.63,156.51,151.86,"West"
150,150.14,160.4,"West"
149.82,154.17,153.67,"West"
150.26,152.88,157.98,"West"
148.44,156.18,159.42,"West"
151.58,161.22,157.65,"West"
149.42,156.44,160.55,"West"
156.6,150.97,158.74,"West"
157.08,157.51,163.37,"West"
150.34,153.12,152.01,"West"
152.97,155.23,152.84,"West"
150.95,155.34,158.04,"West"
150.41,153.68,155.61,"West"
151.39,152.65,157.38,"West"
152.15,157.62,167.8,"West"
149.19,156.15,158.08,"West"
147.71,149.55,160.72,"West"
143.12,158.27,152.69,"West"
143.87,157.75,162.18,"West"
154.74,149.19,155.31,"West"
145.65,154.12,152.63,"West"
144.05,153.26,150.36,"West"
152.16,153.98,159.96,"West"
156.18,148.1,154.47,"West"
148.11,151.93,153.19,"West"
152.74,153.95,165.88,"West"
153.74,161.9,154.73,"West"
153.13,156.64,161.06,"West"
147.6,151.81,154.05,"West"
148.96,147.77,159.79,"West"
152.84,152.99,152.36,"West"
150.81,153.35,163.3,"West"
154,157.46,158.5,"West"
152.77,149.14,155.12,"West"
154.33,161.6,162.08,"West"
154.16,156.69,160.28,"West"
152.04,151.48,161.65,"West"
155.42,154.14,158.44,"West"
145.89,155.56,159.11,"West"
150.98,160.28,160.54,"West"
142.44,151.51,156.01,"West"
145.12,151,158.27,"West"
148.52,164.07,162.69,"West"
155.06,153.68,157.3,"West"
147.79,151.23,157.32,"West"
148.98,160.23,156.81,"West"
145.49,150.25,154.91,"West"
140.62,160.4,164.45,"West"
147.5,155.01,150.42,"West"
147.28,153.51,157.06,"West"
149.74,154.43,157.07,"West"
149.41,152.7,158.2,"West"
155.98,162.2,157.72,"West"
150.51,158.73,156.62,"West"
145.91,153.02,157.16,"West"
158.97,147.53,160.36,"West"
147.92,152.63,163.78,"West"
145.82,151.97,158.67,"West"
156.6,144.86,160.87,"West"
151.47,160.34,168.3,"West"
145.1,156.26,156.22,"West"
151.25,156.04,152.83,"West"
152.65,154.36,160.2,"West"
150.56,157.26,158.73,"West"
148.73,156.22,155.13,"West"
155.73,151.82,154.76,"West"
145.6,159.88,162.33,"West"
152.28,157.13,161.9,"West"
159.48,166.41,166.23,"West"
146.21,154.95,157.9,"West"
154.97,156.34,152.61,"West"
140.38,153.28,155.88,"West"
152.44,161.55,157.86,"West"
156.05,147.47,161.79,"West"
154.55,163.23,155.65,"West"
151.57,161.64,154.79,"West"
148.57,148.46,156.41,"West"
155.87,166.18,152.92,"West"
146.84,162.98,162.5,"West"
152.33,159.73,152.88,"West"
149.19,160.36,159.14,"West"
150.79,153.42,151.59,"West"
147.9,154.1,159.17,"West"
150.89,163.04,159.9,"West"
148.94,159.84,160.52,"West"
148.31,155.93,154.19,"West"
143.39,146.92,152.37,"West"
145.65,151.76,155.48,"West"
148.33,155.87,153.09,"West"
152.19,157.81,155.29,"West"
145.43,148.72,162.14,"West"
148.07,161.38,155.83,"West"
150.51,149.34,155.97,"West"
150.89,158.95,151.74,"West"
145.66,152.75,156.02,"West"
151.99,156.79,159.33,"West"
153.67,153.17,156.58,"West"
143.27,153.09,160.82,"West"
149.75,157.17,152.9,"West"
157.35,152.99,159.62,"West"
145.03,161.94,152.56,"West"
155.22,152.99,161.77,"West"
146.54,150.41,160.97,"West"
146.61,161.37,153.73,"West"
144.55,160.38,157.51,"West"
146.16,160.03,159.64,"West"
145.06,155.48,161.57,"West"
148.7,152.59,160.87,"West"
155.82,159.33,161.64,"West"
149.2,150.97,162.09,"West"
150.76,154.47,158.34,"West"
148.29,158.69,154.33,"West"
147.22,152.53,156.73,"West"
152.03,149.96,163.74,"West"
155.55,143.62,158.63,"West"
151.11,155.62,156.17,"West"
145.77,149.35,158.18,"West"
149.99,156.85,165.6,"West"
152.72,154.27,156.94,"West"
150.7,152.67,157.22,"West"
142.44,157.36,157.31,"West"
147.2,159.02,152.01,"West"
144.58,157.07,151.53,"West"
150.58,157.65,160.48,"West"
153.87,148.25,156.67,"West"
143.08,154.68,159.54,"West"
147.95,168.72,158,"West"
146.41,160.21,163.94,"West"
150.71,160.95,158.78,"West"
144.73,148.63,153.56,"West"
154.49,159.54,155.58,"West"
153.47,152.05,153.22,"West"
147.66,152.68,155.99,"West"
155.24,156.26,154.26,"West"
150.76,158.83,157.17,"West"
156.56,147.99,163.87,"West"
143.75,152.55,156.94,"West"
149.84,160.63,154.41,"West"
148.03,150.39,157.08,"West"
155.99,154.21,163.7,"West"
154,152.27,160.59,"West"
154.49,154.35,156.71,"West"
154.01,152.54,151.32,"West"
150.9,156.71,158.52,"West"
144.26,152.15,159.9,"West"
150.92,153.87,152.26,"West"
144.47,154.74,162.84,"West"
149.72,154.26,156.08,"West"
151.38,160.2,162.5,"West"
152.62,150.75,152.15,"West"
147.9,146.74,162.83,"West"
148.68,153.5,153.49,"West"
147.34,160.36,156.22,"West"
160.39,161.14,156.62,"West"
155.66,149.2,158.94,"West"
144.21,151.28,156.41,"West"
150.62,156.4,153.35,"West"
152.38,160.65,155.05,"West"
154.34,155.97,160.1,"West"
151.63,150.39,149.56,"West"
153.05,154.56,161.46,"West"
154.36,162.14,163.28,"West"
153.72,158.39,158.89,"West"
150.22,151.24,157.32,"West"
151.47,155.22,155.59,"West"
149.88,155.82,161.54,"West"
150.93,151.24,155.02,"West"
147.65,150.56,161.87,"West"
147.09,155.28,165.77,"West"
150.05,159.39,153.98,"West"
151.97,150.3,163.42,"West"
148.77,150.23,157.4,"West"
150.72,157.17,156.73,"West"
150.24,156.36,157.04,"West"
150.52,156.86,155.77,"West"
146.91,156.66,157.79,"West"
153.15,156.15,152.99,"West"
148.52,154.53,163.29,"West"
148.99,154.25,159.14,"West"
148.77,153.41,159.61,"West"
146.46,159.38,161.22,"West"
149.35,157.35,159.28,"West"
149.22,158.59,156.33,"West"
149.86,159.47,154.47,"West"
148.17,156.63,156.7,"West"
145.66,149.78,155.75,"West"
147.92,156.07,165.26,"West"
146.95,168.4,157.99,"West"
150.99,154.72,160.75,"West"
150.02,155.04,158.54,"West"
141.99,154.12,158.17,"West"
152.06,154.07,166.16,"West"
154.81,152.52,161.27,"West"
155.49,154.14,166.05,"West"
142.8,152.98,149.09,"West"
153.98,158.72,154.97,"West"
138.08,149.05,145.4,"Midwest"
146.72,148.04,144.01,"Midwest"
140.67,153.68,146.97,"Midwest"
139.59,145.58,144.23,"Midwest"
133.72,140.19,148.33,"Midwest"
142.32,136.93,149.3,"Midwest"
141.45,137.81,145.16,"Midwest"
139.8,149.34,148.26,"Midwest"
135.97,154.88,148.56,"Midwest"
136.78,146.54,140.27,"Midwest"
146.87,149.81,144.57,"Midwest"
148.33,142.39,156.03,"Midwest"
139.1,139.32,145.22,"Midwest"
140.65,133.84,146.71,"Midwest"
130.39,148.76,150.27,"Midwest"
145.06,140.79,147.7,"Midwest"
142.48,147.91,152.24,"Midwest"
141.45,145.61,144.69,"Midwest"
136.93,154.03,149.69,"Midwest"
141.39,152.22,151.23,"Midwest"
141.66,149.17,147.55,"Midwest"
142.82,147.34,149.64,"Midwest"
143.34,150.35,149.57,"Midwest"
138.44,151.33,144.25,"Midwest"
133.76,134.12,145.96,"Midwest"
144.79,148.05,147.93,"Midwest"
137.53,146.86,142.92,"Midwest"
137.1,147.42,146.28,"Midwest"
145.37,135.19,145.73,"Midwest"
136.34,152.59,148.62,"Midwest"
140.97,141.81,149.21,"Midwest"
139.63,150.75,145.46,"Midwest"
137.72,142.76,152.82,"Midwest"
137.11,149.22,145.73,"Midwest"
138.64,139.2,151.21,"Midwest"
140.69,146.64,135.24,"Midwest"
136.28,142.38,146.1,"Midwest"
145.4,139.14,146.87,"Midwest"
140.72,146.14,147.14,"Midwest"
135.42,143.47,146.83,"Midwest"
141.43,147.35,141.03,"Midwest"
142.75,147.71,151.71,"Midwest"
142.16,142.42,148.73,"Midwest"
138.02,146.44,142.33,"Midwest"
137.45,138.39,144.32,"Midwest"
141.76,144.28,153.33,"Midwest"
137.76,143.11,144.59,"Midwest"
136.14,146.22,151.04,"Midwest"
138.43,143.79,149.66,"Midwest"
141.2,144.32,144.36,"Midwest"
137.98,147.51,143.48,"Midwest"
140.9,141.74,146.63,"Midwest"
144.52,150.33,153.56,"Midwest"
140.77,143.37,144.68,"Midwest"
137.84,136.92,153.58,"Midwest"
140.01,146.37,152.57,"Midwest"
143.58,149.17,142.88,"Midwest"
141.3,142.57,151.32,"Midwest"
135.16,143.81,145.33,"Midwest"
139.93,148.1,152.27,"Midwest"
139.42,138.79,139.72,"Midwest"
144.79,148.55,154.76,"Midwest"
133.2,139.02,144.45,"Midwest"
140.02,140.18,149.56,"Midwest"
133.97,142.67,146.59,"Midwest"
134.94,146.35,143.57,"Midwest"
142.4,140.57,146.77,"Midwest"
143.8,143.67,149.03,"Midwest"
140.98,143.87,152.17,"Midwest"
136.47,149.78,141.5,"Midwest"
138.1,142.73,144.34,"Midwest"
138.48,140.54,145.08,"Midwest"
132.19,143.64,144.21,"Midwest"
138.93,146.73,142.48,"Midwest"
143.27,142.78,147.88,"Midwest"
141.99,145.84,144.72,"Midwest"
139.39,141.43,146.37,"Midwest"
143.21,145.25,140.15,"Midwest"
141.28,140.35,140.57,"Midwest"
135.91,150.33,148.35,"Midwest"
143.9,147.27,145.01,"Midwest"
142.13,138.36,142.91,"Midwest"
142.12,141.16,146.9,"Midwest"
142.37,146.75,150.47,"Midwest"
141.92,145.45,149.48,"Midwest"
140.49,145.45,146.73,"Midwest"
139.13,150.9,146.98,"Midwest"
146.46,140.76,148.84,"Midwest"
138.33,140.35,147.11,"Midwest"
139.54,141.18,143.05,"Midwest"
140.96,144.75,142.82,"Midwest"
138.49,142.97,142.56,"Midwest"
138.83,149.04,153.13,"Midwest"
128.08,145.87,151.89,"Midwest"
142.76,145.86,138.39,"Midwest"
140.61,142.99,150.94,"Midwest"
138.79,140.24,148.11,"Midwest"
143.13,138,145.76,"Midwest"
138.38,145.04,147.71,"Midwest"
140.87,145.84,142.67,"Midwest"
136.26,148.34,141.2,"Midwest"
139.95,143.41,149.57,"Midwest"
137.87,152.15,147.74,"Midwest"
140.38,142.13,148.4,"Midwest"
145.75,144.08,139.03,"Midwest"
138.37,146.07,148.38,"Midwest"
153.22,137.32,146.93,"Midwest"
139.09,145.23,153.38,"Midwest"
141.55,147.54,155.97,"Midwest"
139.97,153.12,141.6,"Midwest"
129.86,143.84,144.5,"Midwest"
139.3,148.49,145.97,"Midwest"
146.95,151.39,149.3,"Midwest"
138.28,142.9,142.2,"Midwest"
136.66,147.3,150.14,"Midwest"
140.07,147.75,147.93,"Midwest"
147.69,147.24,148.16,"Midwest"
149.18,144.76,151.13,"Midwest"
136.43,146.83,149.35,"Midwest"
139.06,149.93,146.51,"Midwest"
139.88,147.08,149.45,"Midwest"
142.86,146.89,150.54,"Midwest"
144.21,144.07,147.53,"Midwest"
135.36,144.08,156.32,"Midwest"
146.4,143.17,156.74,"Midwest"
138.72,152.63,147.24,"Midwest"
139.66,150.93,137.19,"Midwest"
139.77,143.88,147.29,"Midwest"
134.23,149.76,146.48,"Midwest"
142.24,146.83,142.45,"Midwest"
143.73,146.51,142.79,"Midwest"
139.49,142.79,144.99,"Midwest"
142.2,143.93,141.91,"Midwest"
144.56,155.73,144.3,"Midwest"
135.16,142.37,149.16,"Midwest"
139.95,148.04,146.09,"Midwest"
139.99,147.98,152.05,"Midwest"
147.57,147.1,143.19,"Midwest"
140.75,153.38,147.53,"Midwest"
136.94,141.9,138.79,"Midwest"
141.1,141.79,146.27,"Midwest"
137.82,151.54,142.3,"Midwest"
141.07,147.23,152.62,"Midwest"
133.66,148.41,151.92,"Midwest"
145.53,147.39,144.4,"Midwest"
142.7,142.04,156.58,"Midwest"
139.59,153.6,144.79,"Midwest"
141.22,145.96,154.21,"Midwest"
139.57,148.46,152.91,"Midwest"
136.01,143.52,161.13,"Midwest"
139.91,146.55,152.71,"Midwest"
135.23,144.02,143.68,"Midwest"
145.46,141.99,148.04,"Midwest"
140.41,144.16,153.22,"Midwest"
142.54,144.37,152.96,"Midwest"
145.2,143.95,146.79,"Midwest"
136.84,145.97,141.03,"Midwest"
142.16,140.26,140.84,"Midwest"
145.48,143.87,152.27,"Midwest"
139.81,139.41,152.62,"Midwest"
135.23,149.52,146.35,"Midwest"
144.06,144.92,148.46,"Midwest"
140.51,143.77,151.53,"Midwest"
140.7,147.06,144.29,"Midwest"
143.35,142.93,151.15,"Midwest"
140.51,151.35,151.89,"Midwest"
136.82,142.21,148.98,"Midwest"
134.64,140.21,147.87,"Midwest"
136.59,143.44,142.82,"Midwest"
136.28,141.02,145.18,"Midwest"
145.05,139.24,148.67,"Midwest"
141.67,136.59,154.44,"Midwest"
140.46,146.08,146.05,"Midwest"
138.43,142.97,155.38,"Midwest"
144.42,144.55,140.7,"Midwest"
144.29,143.97,153.41,"Midwest"
133.01,152.35,148.39,"Midwest"
141.91,143.03,151.97,"Midwest"
139.5,145.63,151.86,"Midwest"
140.2,146.03,144.59,"Midwest"
138.08,145.55,147.21,"Midwest"
142.33,144.52,149.42,"Midwest"
130.26,146.36,154.74,"Midwest"
131.21,138.79,145.19,"Midwest"
134.91,142.4,142.5,"Midwest"
145.76,140.93,147.41,"Midwest"
138,146.24,154.78,"Midwest"
137.25,148.32,150.34,"Midwest"
141.85,150.08,157.86,"Midwest"
141.02,144.05,145.45,"Midwest"
141.84,149.92,154.62,"Midwest"
134.63,148.51,150.87,"Midwest"
140.2,143.68,153.39,"Midwest"
139.12,149.45,144.64,"Midwest"
138.86,140.43,142.34,"Midwest"
138.61,146.05,147.27,"Midwest"
131.78,148.63,152.5,"Midwest"
140.13,148.18,146.11,"Midwest"
139.21,145.28,148.06,"Midwest"
140.33,145.77,156.57,"Midwest"
129.31,149.53,151.27,"Midwest"
134.94,141.92,149.09,"Midwest"
142.85,149.11,152.48,"Midwest"
134.91,141.28,150.61,"Midwest"
140.87,138.26,146.12,"Midwest"
141.53,145.55,146.72,"Midwest"
138.53,143.32,145.88,"Midwest"
144.12,148.49,150.86,"Midwest"
138.9,140.91,153.1,"Midwest"
136.15,146.2,149.53,"Midwest"
139.03,141.78,149.82,"Midwest"
137.39,143.34,145.17,"Midwest"
142.67,151.69,152.84,"Midwest"
138.54,147.82,150.25,"Midwest"
144.33,143.55,142.84,"Midwest"
146.36,148.27,143.69,"Midwest"
132.6,141.32,148.66,"Midwest"
138.99,147.97,146.15,"Midwest"
130.99,146.03,146.96,"Midwest"
136.8,150.64,145.47,"Midwest"
140.05,144.82,146.86,"Midwest"
146.63,135.71,148.29,"Midwest"
147.82,138.78,145.79,"Midwest"
145.05,151.05,148.35,"Midwest"
145.03,149.08,157.67,"Midwest"
133.44,142.06,151.5,"Midwest"
148.04,149.64,154.65,"Midwest"
139.27,150.09,151.35,"Midwest"
141.71,144.21,147.66,"Midwest"
141.66,141.48,143.19,"Midwest"
142.35,143.98,151.97,"Midwest"
135.82,143.39,151.9,"Midwest"
138.23,136.72,148.27,"Midwest"
142.62,146.5,141.27,"Midwest"
143.69,140.54,146.32,"Midwest"
144.51,140.31,148.33,"Midwest"
144.36,139.74,152.94,"Midwest"
146.54,140.34,136.81,"Midwest"
143.29,144.72,145.63,"Midwest"
136.12,148.06,145.63,"Midwest"
140.63,142.83,150.72,"Midwest"
141.13,148.15,151.59,"Midwest"
133.25,145.73,148.08,"Midwest"
147.25,145.03,149.26,"Midwest"
137.8,143.68,148.34,"Midwest"
143.9,146.67,149.61,"Midwest"
133.94,152.18,152.05,"Midwest"
138.87,140.96,145.14,"Midwest"
145.16,140.89,149.36,"Midwest"
142.4,147.15,145.54,"Midwest"
137.53,159.07,147.18,"Midwest"
136.85,146.76,148.37,"Midwest"
138.12,149.72,146.77,"Midwest"
137.58,146.9,155.78,"Midwest"
133.26,148.02,145.43,"Midwest"
139.15,149.38,147.82,"Midwest"
141.11,150.38,153.45,"Midwest"
137.25,142.31,147.32,"Midwest"
144.18,141.48,142.56,"Midwest"
132.69,146.84,153.27,"Midwest"
138.45,149.77,156.68,"Midwest"
136.58,144.49,144.55,"Midwest"
137.66,149.64,146.97,"Midwest"
144.89,150.34,152.05,"Midwest"
136.73,141.18,142.6,"Midwest"
139.59,150.41,154.03,"Midwest"
131.22,141.81,150.55,"Midwest"
137.02,149.35,149.81,"Midwest"
136.11,143.78,150.44,"Midwest"
140.17,140.11,148.6,"Midwest"
143.41,137.79,147,"Midwest"
132.97,142.27,156.64,"Midwest"
136.65,147.02,143.72,"Midwest"
140.37,139.7,152.9,"Midwest"
139.06,139.59,147.56,"Midwest"
138.5,144.03,146.67,"Midwest"
137.82,151.2,152.11,"Midwest"
141.46,150.24,152.89,"Midwest"
136.37,145.36,144.69,"Midwest"
145.39,148.92,142.33,"Midwest"
143.65,146.56,152.55,"Midwest"
145.37,145.5,150.25,"Midwest"
140.61,137.5,145.07,"Midwest"
133.96,150.33,147.5,"Midwest"
146.97,144.72,143.94,"Midwest"
140.26,146.95,147.33,"Midwest"
131.47,154.33,149.47,"Midwest"
138.2,148.46,148.3,"Midwest"
137.87,144.38,148.42,"Midwest"
142.73,145.17,144.01,"Midwest"
143.23,145.14,162.5,"Midwest"
137.56,144.76,148.3,"Midwest"
137.34,150.66,149.57,"Midwest"
146.87,144.67,157.39,"Midwest"
141.23,136.89,145.82,"Midwest"
142.03,142.82,146.28,"Midwest"
137.91,144.33,149.29,"Midwest"
138.96,145.08,142.96,"Midwest"
142.85,145.67,139.14,"Midwest"
135.19,147.9,155.5,"Midwest"
144.37,145.04,151.1,"Midwest"
144.18,144.59,144.46,"Midwest"
142.57,142.05,152.82,"Midwest"
134.37,145.02,150.75,"Midwest"
132.91,153.23,152.7,"Midwest"
140.35,149.07,147.33,"Midwest"
145.72,134.39,153.06,"Midwest"
141.52,137.59,151.42,"Midwest"
137.6,147.31,153.23,"Midwest"
138.1,139.81,150.27,"Midwest"
136.36,148.36,148.34,"Midwest"
135.22,149.37,147.24,"Midwest"
137.01,144.96,146.32,"Midwest"
143.98,141.57,146.35,"Midwest"
139.61,143.25,157.06,"Midwest"
138.45,151.21,150.36,"Midwest"
147.98,140.21,155.17,"Midwest"
136.5,151.27,148.96,"Midwest"
139.73,145.01,144.39,"Midwest"
134.49,140.54,156.57,"Midwest"
140.25,149.46,141.84,"Midwest"
134.82,139.71,152.45,"Midwest"
145.7,141.45,152.88,"Midwest"
140.2,136.8,145.05,"Midwest"
140.54,151.67,151.23,"Midwest"
136.99,139.19,156.52,"Midwest"
139.84,147.98,147.72,"Midwest"
141.55,149.66,143.19,"Midwest"
144.77,143.22,142.4,"Midwest"
140.29,143.72,149.02,"Midwest"
141.95,145.61,149.69,"Midwest"
132.75,152.75,149.38,"Midwest"
132.31,139.89,147.04,"Midwest"
142.06,150.74,144.86,"Midwest"
138.65,142.47,144.61,"Midwest"
135.63,148.06,157.14,"Midwest"
144.35,141.99,149.69,"Midwest"
135.08,144.93,147.15,"Midwest"
137.32,148.37,142.61,"Midwest"
145.57,136.73,147.17,"Midwest"
141.64,146.57,149.19,"Midwest"
135.85,152.27,150.86,"Midwest"
139.18,142.52,149.68,"Midwest"
141.18,141.89,149.63,"Midwest"
140.09,142.23,143.99,"Midwest"
142.38,143.17,144.65,"Midwest"
140.93,142.89,143.92,"Midwest"
143.11,142.91,146.44,"Midwest"
130.11,139.67,139.08,"Midwest"
135.94,148.45,147.97,"Midwest"
143.08,151.64,161.7,"Midwest"
137.5,148.66,154.26,"Midwest"
144.09,148.91,141.37,"Midwest"
139.89,144.72,144.94,"Midwest"
133.91,149.12,151.38,"Midwest"
137.47,136.08,157.24,"Midwest"
140.27,143.85,146.99,"Midwest"
137.51,146.81,147.86,"Midwest"
140.61,139.66,150.88,"Midwest"
137.5,141.89,142.23,"Midwest"
138.33,147.82,149.7,"Midwest"
138.96,141.93,154.04,"Midwest"
141.74,146.16,146.28,"Midwest"
130.01,146.22,149.96,"Midwest"
142.17,143.77,144.78,"Midwest"
140.17,148.96,152.39,"Midwest"
135.13,158.23,143.42,"Midwest"
144.48,135.94,152.75,"Midwest"
140.96,141.55,143.67,"Midwest"
141.08,145.52,148.69,"Midwest"
140.04,143.42,149.61,"Midwest"
138.49,153.77,150.31,"Midwest"
134.66,143.95,151.68,"Midwest"
140.02,145.81,152.8,"Midwest"
148.1,145.17,147.4,"Midwest"
138.24,147.61,146.72,"Midwest"
138.33,141.9,143.08,"Midwest"
143.81,147.18,148.62,"Midwest"
139.89,145.96,149.97,"Midwest"
144.44,146.09,147.57,"Midwest"
140.28,144.57,149.52,"Midwest"
141.01,137.26,148.38,"Midwest"
136.6,143.13,147.59,"Midwest"
144.26,143.55,149.68,"Midwest"
142.13,142.45,148.42,"Midwest"
142.35,140.18,144.16,"Midwest"
131.01,150.86,156.79,"Midwest"
138.07,143.39,145.22,"Midwest"
143.1,146.95,146.6,"Midwest"
133.76,139.15,149.47,"Midwest"
140.02,139.74,154.43,"Midwest"
140.26,144.38,154.11,"Midwest"
138.73,146.92,147.69,"Midwest"
137.62,139.37,144.22,"Midwest"
144.86,143.46,155.75,"Midwest"
133.21,146.09,152.63,"Midwest"
145,139.77,146.06,"Midwest"
146.21,150.56,148.78,"Midwest"
131.77,144.42,141.41,"Midwest"
138.36,142.86,150.74,"Midwest"
141,152.5,148.73,"Midwest"
139.94,140.38,149.56,"Midwest"
139.97,146.39,145.95,"Midwest"
138.89,147.1,141.67,"Midwest"
139.44,141.13,146.98,"Midwest"
142.74,155.33,150.33,"Midwest"
142.68,139.39,154.28,"Midwest"
133.43,147.5,149.15,"Midwest"
145,135.66,153.07,"Midwest"
135.91,135.51,144.49,"Midwest"
139.66,152.06,146.67,"Midwest"
140.51,146.8,142.78,"Midwest"
136.42,147.52,144.84,"Midwest"
141.08,146.04,147.18,"Midwest"
142.23,147.9,152.9,"Midwest"
134.78,145.25,149.63,"Midwest"
142.13,134.58,150.6,"Midwest"
138.08,137.33,144.65,"Midwest"
143.29,141.57,150.41,"Midwest"
142.26,146.39,147.11,"Midwest"
139.34,149.62,141.82,"Midwest"
141.46,142.95,152.29,"Midwest"
140.61,147.72,149.7,"Midwest"
143.8,138.76,147.11,"Midwest"
141.14,148.24,155.29,"Midwest"
133.66,143.2,146.22,"Midwest"
143.88,142.72,141.52,"Midwest"
137.88,148.45,151.16,"Midwest"
138.92,145.25,152.02,"Midwest"
139,138.15,145.73,"Midwest"
132.51,150.43,148.34,"Midwest"
139.97,143.76,148.24,"Midwest"
138.01,149.01,149.17,"Midwest"
145.18,144.53,141.15,"Midwest"
139.88,146.15,148.27,"Midwest"
141.23,143.5,137.52,"Midwest"
143.89,147.48,148.52,"Midwest"
140.88,138.44,151.68,"Midwest"
138.45,151.15,149.54,"Midwest"
137.33,146.49,147.59,"Midwest"
133.42,142.26,149.95,"Midwest"
140.76,143.64,144.05,"Midwest"
144.29,138.26,147.59,"Midwest"
137.45,147.01,151.77,"Midwest"
142.07,144.21,149.31,"Midwest"
141.87,142.35,153.42,"Midwest"
137.34,137.22,145.08,"Midwest"
144.35,147.09,150.64,"Midwest"
137.19,150.85,143.91,"Midwest"
136.37,145.52,148.82,"Midwest"
135,139.89,143.23,"Midwest"
146.52,150.95,148.48,"Midwest"
138.2,146.98,146.95,"Midwest"
137.65,141.51,153.76,"Midwest"
133.05,144.94,147.86,"Midwest"
137.25,155.08,149.02,"Midwest"
144.42,149.26,150.57,"Midwest"
138.71,143.59,144.62,"Midwest"
143.85,146.56,147.73,"Midwest"
132.74,143.51,148.96,"Midwest"
138.71,152.31,145.28,"Midwest"
136.68,142.86,150.57,"Midwest"
141.81,132.25,150.28,"Midwest"
144.37,150.23,144.29,"Midwest"
139.83,143.87,144.86,"Midwest"
143.67,143.18,156.62,"Midwest"
141.72,144.8,153.08,"Midwest"
143.31,150.31,144.74,"Midwest"
138.55,148.83,146.13,"Midwest"
140.33,146.91,146.66,"Midwest"
149.76,147.28,151.42,"Midwest"
145.59,146.23,149.32,"Midwest"
136.84,144.86,142.47,"Midwest"
139.21,145.3,151.16,"Midwest"
140,138.76,141.76,"Midwest"
137.78,143.17,140.95,"Midwest"
143.49,148.65,143.12,"Midwest"
139.7,148.21,155.72,"Midwest"
136.07,157.43,151.85,"Midwest"
141.8,148.97,151.48,"Midwest"
139,145.51,149.06,"Midwest"
141.12,148.47,158.27,"Midwest"
144.17,148.02,151.6,"Midwest"
141.75,147.13,139.37,"Midwest"
137.28,148.83,150.56,"Midwest"
138.79,142.61,148.6,"Midwest"
138.7,148.57,149.72,"Midwest"
133.09,147.25,145.54,"Midwest"
140.29,141.97,144.8,"Midwest"
139.18,139.77,143.38,"Midwest"
139.77,150.57,145.52,"Midwest"
140.4,151.47,151.62,"Midwest"
143,148.51,146.71,"Midwest"
144.95,137.03,154.23,"Midwest"
135.74,144.14,152.31,"Midwest"
135.53,146.41,145.38,"Midwest"
146.99,146.31,151.1,"Midwest"
138.59,145.2,151.27,"Midwest"
148.53,142.64,141.32,"Midwest"
145.24,146.52,139.62,"Midwest"
142.22,146.66,144.62,"Midwest"
144.6,140.11,150.49,"Midwest"
131.04,143.71,147.66,"Midwest"
140.94,144.55,149.43,"Midwest"
141.03,147.41,150.48,"Midwest"
143.11,148.25,147.44,"Midwest"
142,145.75,142.58,"Midwest"
142.99,141.42,152.14,"Midwest"
137.9,143.7,147.66,"Midwest"
132.58,146.41,150.65,"Midwest"
146.66,143.88,153.05,"Midwest"
136.97,143.74,153.62,"Midwest"
139.15,145.22,143.26,"Midwest"
134.65,151.53,150.26,"Midwest"
142.55,143.6,142.68,"Midwest"
142.96,141.19,149.6,"Midwest"
137.34,150.01,140.82,"Midwest"
134.69,148.77,149.4,"Midwest"
148.65,142.95,146.01,"Midwest"
141.49,142.68,145.07,"Midwest"
139.83,144.51,148.32,"Midwest"
144.16,145.24,143.47,"Midwest"
138.78,145.18,142.55,"Midwest"
142.02,140.63,148.3,"Midwest"
141.85,147.87,152.54,"Midwest"
136.17,147.18,154.04,"Midwest"
142.25,143.11,156.34,"Midwest"
143.52,142.22,151.49,"Midwest"
141.5,144.94,134.9,"Midwest"
151.18,144.85,149.69,"Midwest"
138.63,147.77,149.06,"Midwest"
137.86,141.76,142.64,"Midwest"
140.74,141.84,148.16,"Midwest"
147.39,148.19,142.91,"Midwest"
142.19,136.84,142.66,"Midwest"
142.07,151.46,147.79,"Midwest"
142.89,146.53,151.59,"Midwest"
141.5,142.1,152.33,"Midwest"
139.01,144.31,147.24,"Midwest"
140.73,144.23,153.93,"Midwest"
135.67,143.26,147.14,"Midwest"
142.06,148.98,146.02,"Midwest"
143.33,142.35,140.66,"Midwest"
137.23,144.72,147.92,"Midwest"
138.89,146.18,140.37,"Midwest"
139.39,140.79,144.55,"Midwest"
135.59,145.47,146.26,"Midwest"
132.96,138.03,144.22,"Midwest"
133.78,149.1,137.57,"Midwest"
138.98,141.37,143.72,"Midwest"
146.02,144.28,148.33,"Midwest"
133.04,151.62,148.16,"Midwest"
140.28,136.53,141.48,"Midwest"
137.01,145.92,147.21,"Midwest"
144.32,140.08,150.33,"Midwest"
140.95,152.57,148.45,"Midwest"
141.12,145.86,147.52,"Midwest"
138.38,148.38,156.5,"Midwest"
142.02,148.35,147.77,"Midwest"
138.6,145.53,147.88,"Midwest"
151.03,136.66,153.46,"Midwest"
139.88,141.62,150.41,"Midwest"
138.99,141.53,151.83,"Midwest"
140.75,149.36,140.26,"Midwest"
138.1,143.94,153.79,"Midwest"
139.5,148.8,141.88,"Midwest"
141.53,142.77,141.14,"Midwest"
134.94,146.81,148.33,"Midwest"
145.92,147.74,143.65,"Midwest"
147.86,146.24,150.11,"Midwest"
133.36,142.88,151.24,"Midwest"
135.37,141.28,148.65,"Midwest"
137.36,152.48,150.8,"Midwest"
135.84,151.48,149.49,"Midwest"
138.86,140.71,145.83,"Midwest"
130.08,143.51,151.01,"Midwest"
143.61,143.46,151.14,"Midwest"
144.44,144.79,146.35,"Midwest"
138.85,143.61,150.86,"Midwest"
138.98,137.84,149.97,"Midwest"
149.08,146.84,147.68,"Midwest"
144.92,147.52,149.63,"Midwest"
133.65,149.28,147.8,"Midwest"
140.28,140.72,148.93,"Midwest"
138.98,141.32,141.82,"Midwest"
137.95,147.46,145.84,"Midwest"
137.05,146.68,143.93,"Midwest"
140.09,141.19,149.04,"Midwest"
144.26,148.67,159.23,"Midwest"
133.12,145.56,150.63,"Midwest"
139.86,144.37,145.69,"Midwest"
140.07,140.9,142.92,"Midwest"
134.8,141.15,149.46,"Midwest"
144.51,139.6,142.83,"Midwest"
133.9,153.6,154.37,"Midwest"
138.05,144.39,143.11,"Midwest"
140.57,148.07,151.41,"Midwest"
142.4,145.27,147.67,"Midwest"
142.35,147.84,152.38,"Midwest"
144.11,141.23,142.68,"Midwest"
